<?xml version="1.0" encoding="utf-8"?>
<extension version="3.3" type="module" client="site" method="upgrade">
	<name>Wisevu Testimonial</name> 
    <version>1.0</version>
    <creationDate>Oct, 2016</creationDate>
    <author>Wisevu.com</author>
    <authorEmail>info@Wisevu.com</authorEmail>
    <authorUrl>http://Wisevu.com</authorUrl>
    <copyright>Copyright 2016 - Wisevu.com</copyright>
    <license></license>
	<description> Wisevu Testimonial</description>
	
	<files>
		<filename module="mod_wisevu_testimonial">mod_wisevu_testimonial.php</filename>
		<filename>index.html</filename>
		<folder>css/</folder>
		<folder>images/</folder>
		<folder>php/</folder>
	</files>

	<config>
		<fields name="params" addfieldpath="/modules/mod_wisevu_testimonial/php">
		<fieldset name="basic">
			<field type="spacer" name="&lt;div class=&quot;sub-heading&quot;&gt;Testimonial Configuration&lt;/div&gt;" />
			<field type="asset" />		
		</fieldset>

		<fieldset name="slides" label="&gt;&gt;&gt; Manage Testimonial &lt;&lt;&lt;">	
	
			<!-- Testimonial 1 -->
			<field type="spacer" name="&lt;div class=&quot;sub-heading&quot;&gt;Testimonial #1&lt;/div&gt;" />
			<field name="TestimonialTitle1" label="Title" type="text"  description="" />
			<field name="TestimonialTitleColor1" label="Title Color" type="color" default="#fff" description="" />
			<field name="TestimonialContent1" label="Content" type="editor"  description="" filter="safehtml" />
			<field name="TestimonialContentColor1" label="Content Color" type="color"  description="" default="#fff" />
			<field name="TestimonialAuthor1" label="Author Name" type="text"  description="" filter="safehtml" />
			<field name="TestimonialAuthorColor1" label="Author Name Color" type="color"  description="" default="#fff" />
			<field name="TestimonialDate1" label="Date" type="text"  description="" filter="safehtml" />
			<field name="TestimonialDateColor1" label="Date Color" type="color"  description="" default="#fff" />
			<field name="TestimonialBgImage1" label="Background Image" type="media"  description="" />
			<field name="TestimonialBgColor1" label="Background Color" type="color" default="#fff" description="For Mobile Devices Only" />
			<field name="TestimonialUrlType1" type="list" default="0" label="Rating" description="">
				<option value="threestar">3 Star Rating</option>
				<option value="fourstar">4 Star Rating</option>
                <option value="fivestar">5 Star Rating</option>
			</field>

			<!-- Testimonial 2 -->
			<field type="spacer" name="&lt;div class=&quot;sub-heading&quot;&gt;Testimonial #2&lt;/div&gt;" />
			<field name="TestimonialTitle2" label="Title" type="text"  description="" />
			<field name="TestimonialTitleColor2" label="Title Color" type="color" default="#333" description="" />
			<field name="TestimonialContent2" label="Content" type="editor"  description="" filter="safehtml" />
			<field name="TestimonialContentColor2" label="Content Color" type="color"  description="" default="#333" />
			<field name="TestimonialAuthor2" label="Author Name" type="text"  description="" filter="safehtml" />
			<field name="TestimonialAuthorColor2" label="Author Name Color" type="color"  description="" default="#333" />
			<field name="TestimonialDate2" label="Date" type="text"  description="" filter="safehtml" />
			<field name="TestimonialDateColor2" label="Date Color" type="color"  description="" default="#333" />
			<field name="TestimonialBgImage2" label="Background Image" type="media"  description="" />
			<field name="TestimonialBgColor2" label="Background Color" type="color" default="#fff" description="For Mobile Devices Only" />
			<field name="TestimonialUrlType2" type="list" default="0" label="Rating" description="">
				<option value="threestar">3 Star Rating</option>
				<option value="fourstar">4 Star Rating</option>
                <option value="fivestar">5 Star Rating</option>
			</field>

			<!-- Testimonial 3 -->
			<field type="spacer" name="&lt;div class=&quot;sub-heading&quot;&gt;Testimonial #3&lt;/div&gt;" />
			<field name="TestimonialTitle3" label="Title" type="text"  description="" />
			<field name="TestimonialTitleColor3" label="Title Color" type="color" default="#fff" description="" />
			<field name="TestimonialContent3" label="Content" type="editor"  description="" filter="safehtml" />
			<field name="TestimonialContentColor3" label="Content Color" type="color"  description="" default="#fff" />
			<field name="TestimonialAuthor3" label="Author Name" type="text"  description="" filter="safehtml" />
			<field name="TestimonialAuthorColor3" label="Author Name Color" type="color"  description="" default="#fff" />
			<field name="TestimonialDate3" label="Date" type="text"  description="" filter="safehtml" />
			<field name="TestimonialDateColor3" label="Date Color" type="color"  description="" default="#fff" />
			<field name="TestimonialBgImage3" label="Background Image" type="media"  description="" />
			<field name="TestimonialBgColor3" label="Background Color" type="color" default="#fff" description="For Mobile Devices Only" />
			<field name="TestimonialUrlType3" type="list" default="0" label="Rating" description="">
				<option value="threestar">3 Star Rating</option>
				<option value="fourstar">4 Star Rating</option>
                <option value="fivestar">5 Star Rating</option>
			</field>

			<!-- Testimonial 4 -->
			<field type="spacer" name="&lt;div class=&quot;sub-heading&quot;&gt;Testimonial #4&lt;/div&gt;" />
			<field name="TestimonialTitle4" label="Title" type="text"  description="" />
			<field name="TestimonialTitleColor4" label="Title Color" type="color" default="#fff" description="" />
			<field name="TestimonialContent4" label="Content" type="editor"  description="" filter="safehtml" />
			<field name="TestimonialContentColor4" label="Content Color" type="color"  description="" default="#fff" />
			<field name="TestimonialAuthor4" label="Author Name" type="text"  description="" filter="safehtml" />
			<field name="TestimonialAuthorColor4" label="Author Name Color" type="color"  description="" default="#fff" />
			<field name="TestimonialDate4" label="Date" type="text"  description="" filter="safehtml" />
			<field name="TestimonialDateColor4" label="Date Color" type="color"  description="" default="#fff" />
			<field name="TestimonialBgImage4" label="Background Image" type="media"  description="" />
			<field name="TestimonialBgColor4" label="Background Color" type="color" default="#fff" description="For Mobile Devices Only" />
			<field name="TestimonialUrlType4" type="list" default="0" label="Rating" description="">
				<option value="threestar">3 Star Rating</option>
				<option value="fourstar">4 Star Rating</option>
                <option value="fivestar">5 Star Rating</option>
			</field>

			<!-- Testimonial 5 -->
			<field type="spacer" name="&lt;div class=&quot;sub-heading&quot;&gt;Testimonial #5&lt;/div&gt;" />
			<field name="TestimonialTitle5" label="Title" type="text"  description="" />
			<field name="TestimonialTitleColor5" label="Title Color" type="color" default="#fff" description="" />
			<field name="TestimonialContent5" label="Content" type="editor"  description="" filter="safehtml" />
			<field name="TestimonialContentColor5" label="Content Color" type="color"  description="" default="#fff" />
			<field name="TestimonialAuthor5" label="Author Name" type="text"  description="" filter="safehtml" />
			<field name="TestimonialAuthorColor5" label="Author Name Color" type="color"  description="" default="#fff" />
			<field name="TestimonialDate5" label="Date" type="text"  description="" filter="safehtml" />
			<field name="TestimonialDateColor5" label="Date Color" type="color"  description="" default="#fff" />
			<field name="TestimonialBgImage5" label="Background Image" type="media"  description="" />
			<field name="TestimonialBgColor5" label="Background Color" type="color" default="#fff" description="For Mobile Devices Only" />
			<field name="TestimonialUrlType5" type="list" default="0" label="Rating" description="">
				<option value="threestar">3 Star Rating</option>
				<option value="fourstar">4 Star Rating</option>
                <option value="fivestar">5 Star Rating</option>
			</field>

			<!-- Testimonial 6 -->
			<field type="spacer" name="&lt;div class=&quot;sub-heading&quot;&gt;Testimonial #6&lt;/div&gt;" />
			<field name="TestimonialTitle6" label="Title" type="text"  description="" />
			<field name="TestimonialTitleColor6" label="Title Color" type="color" default="#fff" description="" />
			<field name="TestimonialContent6" label="Content" type="editor"  description="" filter="safehtml" />
			<field name="TestimonialContentColor6" label="Content Color" type="color"  description="" default="#fff" />
			<field name="TestimonialAuthor6" label="Author Name" type="text"  description="" filter="safehtml" />
			<field name="TestimonialAuthorColor6" label="Author Name Color" type="color"  description="" default="#fff" />
			<field name="TestimonialDate6" label="Date" type="text"  description="" filter="safehtml" />
			<field name="TestimonialDateColor6" label="Date Color" type="color"  description="" default="#fff" />
			<field name="TestimonialBgImage6" label="Background Image" type="media"  description="" />
			<field name="TestimonialBgColor6" label="Background Color" type="color" default="#fff" description="For Mobile Devices Only" />
			<field name="TestimonialUrlType6" type="list" default="0" label="Rating" description="">
				<option value="threestar">3 Star Rating</option>
				<option value="fourstar">4 Star Rating</option>
                <option value="fivestar">5 Star Rating</option>
			</field>

			<!-- Testimonial 7 -->
			<field type="spacer" name="&lt;div class=&quot;sub-heading&quot;&gt;Testimonial #7&lt;/div&gt;" />
			<field name="TestimonialTitle7" label="Title" type="text"  description="" />
			<field name="TestimonialTitleColor7" label="Title Color" type="color" default="#fff" description="" />
			<field name="TestimonialContent7" label="Content" type="editor"  description="" filter="safehtml" />
			<field name="TestimonialContentColor7" label="Content Color" type="color"  description="" default="#fff" />
			<field name="TestimonialAuthor7" label="Author Name" type="text"  description="" filter="safehtml" />
			<field name="TestimonialAuthorColor7" label="Author Name Color" type="color"  description="" default="#fff" />
			<field name="TestimonialDate7" label="Date" type="text"  description="" filter="safehtml" />
			<field name="TestimonialDateColor7" label="Date Color" type="color"  description="" default="#fff" />
			<field name="TestimonialBgImage7" label="Background Image" type="media"  description="" />
			<field name="TestimonialBgColor7" label="Background Color" type="color" default="#fff" description="For Mobile Devices Only" />
			<field name="TestimonialUrlType7" type="list" default="0" label="Rating" description="">
				<option value="threestar">3 Star Rating</option>
				<option value="fourstar">4 Star Rating</option>
                <option value="fivestar">5 Star Rating</option>
			</field>

			<!-- Testimonial 8 -->
			<field type="spacer" name="&lt;div class=&quot;sub-heading&quot;&gt;Testimonial #8&lt;/div&gt;" />
			<field name="TestimonialTitle8" label="Title" type="text"  description="" />
			<field name="TestimonialTitleColor8" label="Title Color" type="color" default="#fff" description="" />
			<field name="TestimonialContent8" label="Content" type="editor"  description="" filter="safehtml" />
			<field name="TestimonialContentColor8" label="Content Color" type="color"  description="" default="#fff" />
			<field name="TestimonialAuthor8" label="Author Name" type="text"  description="" filter="safehtml" />
			<field name="TestimonialAuthorColor8" label="Author Name Color" type="color"  description="" default="#fff" />
			<field name="TestimonialDate8" label="Date" type="text"  description="" filter="safehtml" />
			<field name="TestimonialDateColor8" label="Date Color" type="color"  description="" default="#fff" />
			<field name="TestimonialBgImage8" label="Background Image" type="media"  description="" />
			<field name="TestimonialBgColor8" label="Background Color" type="color" default="#fff" description="For Mobile Devices Only" />
			<field name="TestimonialUrlType8" type="list" default="0" label="Rating" description="">
				<option value="threestar">3 Star Rating</option>
				<option value="fourstar">4 Star Rating</option>
                <option value="fivestar">5 Star Rating</option>
			</field>

			<!-- Testimonial 9 -->
			<field type="spacer" name="&lt;div class=&quot;sub-heading&quot;&gt;Testimonial #9&lt;/div&gt;" />
			<field name="TestimonialTitle9" label="Title" type="text"  description="" />
			<field name="TestimonialTitleColor9" label="Title Color" type="color" default="#fff" description="" />
			<field name="TestimonialContent9" label="Content" type="editor"  description="" filter="safehtml" />
			<field name="TestimonialContentColor9" label="Content Color" type="color"  description="" default="#fff" />
			<field name="TestimonialAuthor9" label="Author Name" type="text"  description="" filter="safehtml" />
			<field name="TestimonialAuthorColor9" label="Author Name Color" type="color"  description="" default="#fff" />
			<field name="TestimonialDate9" label="Date" type="text"  description="" filter="safehtml" />
			<field name="TestimonialDateColor9" label="Date Color" type="color"  description="" default="#fff" />
			<field name="TestimonialBgImage9" label="Background Image" type="media"  description="" />
			<field name="TestimonialBgColor9" label="Background Color" type="color" default="#fff" description="For Mobile Devices Only" />
			<field name="TestimonialUrlType9" type="list" default="0" label="Rating" description="">
				<option value="threestar">3 Star Rating</option>
				<option value="fourstar">4 Star Rating</option>
                <option value="fivestar">5 Star Rating</option>
			</field>

			<!-- Testimonial 10 -->
			<field type="spacer" name="&lt;div class=&quot;sub-heading&quot;&gt;Testimonial #10&lt;/div&gt;" />
			<field name="TestimonialTitle10" label="Title" type="text"  description="" />
			<field name="TestimonialTitleColor10" label="Title Color" type="color" default="#fff" description="" />
			<field name="TestimonialContent10" label="Content" type="editor"  description="" filter="safehtml" />
			<field name="TestimonialContentColor10" label="Content Color" type="color"  description="" default="#fff" />
			<field name="TestimonialAuthor10" label="Author Name" type="text"  description="" filter="safehtml" />
			<field name="TestimonialAuthorColor10" label="Author Name Color" type="color"  description="" default="#fff" />
			<field name="TestimonialDate10" label="Date" type="text"  description="" filter="safehtml" />
			<field name="TestimonialDateColor10" label="Date Color" type="color"  description="" default="#fff" />
			<field name="TestimonialBgImage10" label="Background Image" type="media"  description="" />
			<field name="TestimonialBgColor10" label="Background Color" type="color" default="#fff" description="For Mobile Devices Only" />
			<field name="TestimonialUrlType10" type="list" default="0" label="Rating" description="">
				<option value="threestar">3 Star Rating</option>
				<option value="fourstar">4 Star Rating</option>
                <option value="fivestar">5 Star Rating</option>
			</field>
			
		</fieldset>
	</fields>
	</config>
</extension>